loss,params,iteration,estimators,train_time
0.24476767238474406,"{'boosting_type': 'goss', 'class_weight': 'balanced', 'colsample_bytree': 0.8604059584835744, 'learning_rate': 0.018675872988718433, 'min_child_samples': 170, 'num_leaves': 126, 'reg_alpha': 0.5985119228590867, 'reg_lambda': 0.5845451820124326, 'subsample_for_bin': 300000, 'subsample': 1.0, 'metric': 'auc'}",1,53,3.6795786257739973
0.27467267018631725,"{'boosting_type': 'gbdt', 'class_weight': 'balanced', 'colsample_bytree': 0.8970523178797932, 'learning_rate': 0.035742378218536576, 'min_child_samples': 45, 'num_leaves': 138, 'reg_alpha': 0.5005020213127344, 'reg_lambda': 0.45121616279208887, 'subsample_for_bin': 260000, 'subsample': 0.6614743075688195, 'metric': 'auc'}",2,46,5.390672649805482
0.24194637268563868,"{'boosting_type': 'goss', 'class_weight': 'balanced', 'colsample_bytree': 0.8281037266643072, 'learning_rate': 0.05565441586040854, 'min_child_samples': 125, 'num_leaves': 102, 'reg_alpha': 0.8878029074840853, 'reg_lambda': 0.9836336562472392, 'subsample_for_bin': 220000, 'subsample': 1.0, 'metric': 'auc'}",3,12,1.7999691235140691
0.2390333084353986,"{'boosting_type': 'goss', 'class_weight': 'balanced', 'colsample_bytree': 0.7422968998593449, 'learning_rate': 0.07866054762015, 'min_child_samples': 415, 'num_leaves': 118, 'reg_alpha': 0.47827923423293384, 'reg_lambda': 0.0627262749115356, 'subsample_for_bin': 140000, 'subsample': 1.0, 'metric': 'auc'}",4,6,1.374592500948319
0.23125342197087806,"{'boosting_type': 'gbdt', 'class_weight': None, 'colsample_bytree': 0.620649129448606, 'learning_rate': 0.017934544496484815, 'min_child_samples': 260, 'num_leaves': 30, 'reg_alpha': 0.2092981310373776, 'reg_lambda': 0.8946886330215067, 'subsample_for_bin': 20000, 'subsample': 0.8731487506937664, 'metric': 'auc'}",5,182,6.927644248142599
0.23680219547753178,"{'boosting_type': 'dart', 'class_weight': 'balanced', 'colsample_bytree': 0.6077910448089742, 'learning_rate': 0.08783831758750019, 'min_child_samples': 230, 'num_leaves': 44, 'reg_alpha': 0.16571225625681618, 'reg_lambda': 0.43702345115978314, 'subsample_for_bin': 120000, 'subsample': 0.9699110051642057, 'metric': 'auc'}",6,107,9.889510932713637
0.24189369594833499,"{'boosting_type': 'dart', 'class_weight': None, 'colsample_bytree': 0.8536451895837122, 'learning_rate': 0.019312347539552403, 'min_child_samples': 175, 'num_leaves': 112, 'reg_alpha': 0.7926928706035059, 'reg_lambda': 0.37338116932867904, 'subsample_for_bin': 200000, 'subsample': 0.8951244781172872, 'metric': 'auc'}",7,47,5.264871496940788
0.2476852545953061,"{'boosting_type': 'goss', 'class_weight': None, 'colsample_bytree': 0.8906963579804155, 'learning_rate': 0.09300560371484937, 'min_child_samples': 175, 'num_leaves': 66, 'reg_alpha': 0.3479679339377224, 'reg_lambda': 0.7792709409751215, 'subsample_for_bin': 100000, 'subsample': 1.0, 'metric': 'auc'}",8,10,2.111855843588792
0.23718015049999774,"{'boosting_type': 'dart', 'class_weight': None, 'colsample_bytree': 0.6673076386901536, 'learning_rate': 0.040118914534607024, 'min_child_samples': 475, 'num_leaves': 70, 'reg_alpha': 0.8695100073452218, 'reg_lambda': 0.44076667329472063, 'subsample_for_bin': 160000, 'subsample': 0.9985285847190133, 'metric': 'auc'}",9,31,5.93710776278477
0.24086511567223123,"{'boosting_type': 'gbdt', 'class_weight': 'balanced', 'colsample_bytree': 0.7326787636533016, 'learning_rate': 0.017532163285674928, 'min_child_samples': 420, 'num_leaves': 34, 'reg_alpha': 0.78739503162987, 'reg_lambda': 0.5520827853417427, 'subsample_for_bin': 220000, 'subsample': 0.5140566400846498, 'metric': 'auc'}",10,37,2.9846058052070106
0.2379356198503635,"{'boosting_type': 'gbdt', 'class_weight': 'balanced', 'colsample_bytree': 0.7878722696495764, 'learning_rate': 0.048936410244575575, 'min_child_samples': 410, 'num_leaves': 132, 'reg_alpha': 0.17616663325172033, 'reg_lambda': 0.7234573267040174, 'subsample_for_bin': 180000, 'subsample': 0.5211750033711255, 'metric': 'auc'}",11,9,3.453518700587466
0.2431488835008776,"{'boosting_type': 'dart', 'class_weight': None, 'colsample_bytree': 0.880683867295047, 'learning_rate': 0.19551187838964745, 'min_child_samples': 435, 'num_leaves': 45, 'reg_alpha': 0.2878847550683644, 'reg_lambda': 0.01708657132205149, 'subsample_for_bin': 240000, 'subsample': 0.5170383307975128, 'metric': 'auc'}",12,5,2.7827373073908177
0.25807448181103265,"{'boosting_type': 'dart', 'class_weight': None, 'colsample_bytree': 0.890014582561619, 'learning_rate': 0.055447027994085955, 'min_child_samples': 65, 'num_leaves': 61, 'reg_alpha': 0.9748302452710026, 'reg_lambda': 0.23383881520136884, 'subsample_for_bin': 40000, 'subsample': 0.895813092308513, 'metric': 'auc'}",13,20,5.049201380974353
0.24092861493734796,"{'boosting_type': 'dart', 'class_weight': 'balanced', 'colsample_bytree': 0.9124225863241522, 'learning_rate': 0.019199675385015214, 'min_child_samples': 225, 'num_leaves': 102, 'reg_alpha': 0.1916434813532829, 'reg_lambda': 0.6896940625642513, 'subsample_for_bin': 200000, 'subsample': 0.7560708555481161, 'metric': 'auc'}",14,182,16.544243823312947
0.23802924501844136,"{'boosting_type': 'gbdt', 'class_weight': None, 'colsample_bytree': 0.6220082377595529, 'learning_rate': 0.03565154266775181, 'min_child_samples': 225, 'num_leaves': 70, 'reg_alpha': 0.41007410794253185, 'reg_lambda': 0.45276116373350317, 'subsample_for_bin': 280000, 'subsample': 0.7661806376140439, 'metric': 'auc'}",15,88,4.14069242871787
0.23651471600262886,"{'boosting_type': 'dart', 'class_weight': None, 'colsample_bytree': 0.6826115664358082, 'learning_rate': 0.17232942613953312, 'min_child_samples': 485, 'num_leaves': 117, 'reg_alpha': 0.010598426894564361, 'reg_lambda': 0.7063665010867298, 'subsample_for_bin': 120000, 'subsample': 0.905149067692514, 'metric': 'auc'}",16,5,3.2789083237788645
0.24661056426734096,"{'boosting_type': 'goss', 'class_weight': None, 'colsample_bytree': 0.853102917239426, 'learning_rate': 0.011767912024933956, 'min_child_samples': 110, 'num_leaves': 114, 'reg_alpha': 0.3369787449812449, 'reg_lambda': 0.5773835691302064, 'subsample_for_bin': 40000, 'subsample': 1.0, 'metric': 'auc'}",17,61,3.0017311359424923
0.23838038327195188,"{'boosting_type': 'gbdt', 'class_weight': 'balanced', 'colsample_bytree': 0.7706879189819607, 'learning_rate': 0.03598378193909862, 'min_child_samples': 135, 'num_leaves': 67, 'reg_alpha': 0.9645612747608906, 'reg_lambda': 0.9616204046171472, 'subsample_for_bin': 60000, 'subsample': 0.5253657477796922, 'metric': 'auc'}",18,66,3.9791626485182405
0.24164813067569457,"{'boosting_type': 'dart', 'class_weight': 'balanced', 'colsample_bytree': 0.8464791720356762, 'learning_rate': 0.10875645732896141, 'min_child_samples': 380, 'num_leaves': 112, 'reg_alpha': 0.002436386070584051, 'reg_lambda': 0.09460288039448272, 'subsample_for_bin': 180000, 'subsample': 0.7153773885862027, 'metric': 'auc'}",19,39,4.573710767725444
0.250014865311742,"{'boosting_type': 'goss', 'class_weight': None, 'colsample_bytree': 0.6048404419661536, 'learning_rate': 0.06644368221542607, 'min_child_samples': 85, 'num_leaves': 66, 'reg_alpha': 0.776616518870496, 'reg_lambda': 0.5854944753883532, 'subsample_for_bin': 300000, 'subsample': 1.0, 'metric': 'auc'}",20,11,1.8619047028480367
0.24076997218241702,"{'boosting_type': 'gbdt', 'class_weight': None, 'colsample_bytree': 0.9773986913590285, 'learning_rate': 0.19802256882096753, 'min_child_samples': 320, 'num_leaves': 90, 'reg_alpha': 0.05508536902989189, 'reg_lambda': 0.878442626206101, 'subsample_for_bin': 80000, 'subsample': 0.9860458540996664, 'metric': 'auc'}",21,19,2.5169985318701436
0.23792043495095905,"{'boosting_type': 'gbdt', 'class_weight': None, 'colsample_bytree': 0.6714456874846507, 'learning_rate': 0.1284813716815191, 'min_child_samples': 315, 'num_leaves': 82, 'reg_alpha': 0.0708678790296157, 'reg_lambda': 0.856809841017921, 'subsample_for_bin': 20000, 'subsample': 0.9880005206707034, 'metric': 'auc'}",22,26,2.0204327925386707
0.23776791005704245,"{'boosting_type': 'gbdt', 'class_weight': None, 'colsample_bytree': 0.6754796439780206, 'learning_rate': 0.010395111872277856, 'min_child_samples': 490, 'num_leaves': 92, 'reg_alpha': 0.0057102465414531275, 'reg_lambda': 0.8676835101650509, 'subsample_for_bin': 100000, 'subsample': 0.8504521964088037, 'metric': 'auc'}",23,51,2.1362063575625427
0.2399314033116683,"{'boosting_type': 'dart', 'class_weight': None, 'colsample_bytree': 0.6450488834663934, 'learning_rate': 0.013825391023932636, 'min_child_samples': 320, 'num_leaves': 147, 'reg_alpha': 0.10064767155541222, 'reg_lambda': 0.6825009103288038, 'subsample_for_bin': 140000, 'subsample': 0.5278964953321146, 'metric': 'auc'}",24,243,18.869803438237838
0.23616208269560646,"{'boosting_type': 'gbdt', 'class_weight': None, 'colsample_bytree': 0.7170034421060119, 'learning_rate': 0.025887936065543102, 'min_child_samples': 360, 'num_leaves': 149, 'reg_alpha': 0.2436022782344304, 'reg_lambda': 0.9406136393516294, 'subsample_for_bin': 20000, 'subsample': 0.8777897368942661, 'metric': 'auc'}",25,114,3.265095159020319
0.23666587956523977,"{'boosting_type': 'gbdt', 'class_weight': None, 'colsample_bytree': 0.7134754481161221, 'learning_rate': 0.025801102817319628, 'min_child_samples': 355, 'num_leaves': 146, 'reg_alpha': 0.23394122806070847, 'reg_lambda': 0.9976565216110702, 'subsample_for_bin': 20000, 'subsample': 0.8672521872148622, 'metric': 'auc'}",26,149,4.214557365046872
0.2307674048281958,"{'boosting_type': 'gbdt', 'class_weight': None, 'colsample_bytree': 0.7181868574811023, 'learning_rate': 0.024338458683893147, 'min_child_samples': 280, 'num_leaves': 50, 'reg_alpha': 0.603184326349111, 'reg_lambda': 0.9201295875833453, 'subsample_for_bin': 60000, 'subsample': 0.8915036419829395, 'metric': 'auc'}",27,113,3.6159469779746303
0.23281673520233426,"{'boosting_type': 'gbdt', 'class_weight': None, 'colsample_bytree': 0.6343601449779234, 'learning_rate': 0.026568172307769318, 'min_child_samples': 280, 'num_leaves': 30, 'reg_alpha': 0.6833648830862724, 'reg_lambda': 0.7776775996273153, 'subsample_for_bin': 60000, 'subsample': 0.9194395526046918, 'metric': 'auc'}",28,116,4.930606167000718
0.23192944351041367,"{'boosting_type': 'gbdt', 'class_weight': None, 'colsample_bytree': 0.7577240641261779, 'learning_rate': 0.015307960143377828, 'min_child_samples': 245, 'num_leaves': 49, 'reg_alpha': 0.603369495677075, 'reg_lambda': 0.2846291564749245, 'subsample_for_bin': 60000, 'subsample': 0.768311477198679, 'metric': 'auc'}",29,216,6.6625140216451655
0.2331048000272714,"{'boosting_type': 'gbdt', 'class_weight': None, 'colsample_bytree': 0.6991610720368171, 'learning_rate': 0.029936363976423797, 'min_child_samples': 280, 'num_leaves': 37, 'reg_alpha': 0.6023863606447095, 'reg_lambda': 0.8028198589674393, 'subsample_for_bin': 40000, 'subsample': 0.6887697070609137, 'metric': 'auc'}",30,105,4.582833871248482
0.23858506795611134,"{'boosting_type': 'gbdt', 'class_weight': None, 'colsample_bytree': 0.7996838818856171, 'learning_rate': 0.021826234651192395, 'min_child_samples': 205, 'num_leaves': 56, 'reg_alpha': 0.5096379542339267, 'reg_lambda': 0.9118858261353452, 'subsample_for_bin': 100000, 'subsample': 0.9245247781970111, 'metric': 'auc'}",31,137,4.608353586226883
0.23255651094823226,"{'boosting_type': 'gbdt', 'class_weight': None, 'colsample_bytree': 0.6515762421911409, 'learning_rate': 0.010016313019080078, 'min_child_samples': 265, 'num_leaves': 79, 'reg_alpha': 0.6669880795225217, 'reg_lambda': 0.6170655184563283, 'subsample_for_bin': 80000, 'subsample': 0.8166321961856917, 'metric': 'auc'}",32,346,6.590079581790405
0.2742315040883111,"{'boosting_type': 'gbdt', 'class_weight': None, 'colsample_bytree': 0.9859897676590974, 'learning_rate': 0.014950111707049489, 'min_child_samples': 30, 'num_leaves': 52, 'reg_alpha': 0.45662051812453863, 'reg_lambda': 0.8178953803883011, 'subsample_for_bin': 40000, 'subsample': 0.9346609682453387, 'metric': 'auc'}",33,47,3.9580362041765227
0.24240192947967432,"{'boosting_type': 'goss', 'class_weight': None, 'colsample_bytree': 0.8249574682823901, 'learning_rate': 0.012325195190650593, 'min_child_samples': 305, 'num_leaves': 38, 'reg_alpha': 0.538344532305463, 'reg_lambda': 0.6463928366482139, 'subsample_for_bin': 80000, 'subsample': 1.0, 'metric': 'auc'}",34,81,2.529693386231031
0.23752448770378054,"{'boosting_type': 'gbdt', 'class_weight': None, 'colsample_bytree': 0.7550134644743308, 'learning_rate': 0.03121377207519914, 'min_child_samples': 150, 'num_leaves': 41, 'reg_alpha': 0.3983817873395321, 'reg_lambda': 0.516396331700614, 'subsample_for_bin': 140000, 'subsample': 0.7010026510045536, 'metric': 'auc'}",35,31,2.6891122753703485
0.23860205039594673,"{'boosting_type': 'goss', 'class_weight': 'balanced', 'colsample_bytree': 0.6060707898974524, 'learning_rate': 0.022091382023099525, 'min_child_samples': 200, 'num_leaves': 30, 'reg_alpha': 0.7161544637228703, 'reg_lambda': 0.9963953680762421, 'subsample_for_bin': 120000, 'subsample': 1.0, 'metric': 'auc'}",36,33,1.774363450451574
0.23846511745519405,"{'boosting_type': 'gbdt', 'class_weight': None, 'colsample_bytree': 0.6974631087370144, 'learning_rate': 0.043074976194807456, 'min_child_samples': 340, 'num_leaves': 56, 'reg_alpha': 0.5571264258903565, 'reg_lambda': 0.3349694209293018, 'subsample_for_bin': 20000, 'subsample': 0.8159988183361836, 'metric': 'auc'}",37,64,2.473295902365294
0.2392058961456719,"{'boosting_type': 'gbdt', 'class_weight': None, 'colsample_bytree': 0.7337522781095079, 'learning_rate': 0.01794935566461859, 'min_child_samples': 385, 'num_leaves': 77, 'reg_alpha': 0.9004635533611721, 'reg_lambda': 0.14998419726098405, 'subsample_for_bin': 60000, 'subsample': 0.9979888921785129, 'metric': 'auc'}",38,6,1.5196743514334514
0.2373463683235475,"{'boosting_type': 'goss', 'class_weight': 'balanced', 'colsample_bytree': 0.6270256644578148, 'learning_rate': 0.022188533142558826, 'min_child_samples': 450, 'num_leaves': 100, 'reg_alpha': 0.46311506163486377, 'reg_lambda': 0.7630857114627184, 'subsample_for_bin': 160000, 'subsample': 1.0, 'metric': 'auc'}",39,46,1.7975875286366545
0.24140047322522595,"{'boosting_type': 'gbdt', 'class_weight': None, 'colsample_bytree': 0.9328812112370262, 'learning_rate': 0.047933674075371635, 'min_child_samples': 195, 'num_leaves': 44, 'reg_alpha': 0.127318877832429, 'reg_lambda': 0.8906450423283939, 'subsample_for_bin': 100000, 'subsample': 0.5932809846285347, 'metric': 'auc'}",40,30,2.9162875173894065
0.23315945792774195,"{'boosting_type': 'gbdt', 'class_weight': 'balanced', 'colsample_bytree': 0.817272593413842, 'learning_rate': 0.07388580528821476, 'min_child_samples': 255, 'num_leaves': 32, 'reg_alpha': 0.3380911085656546, 'reg_lambda': 0.9363919126425115, 'subsample_for_bin': 260000, 'subsample': 0.9526715782555004, 'metric': 'auc'}",41,40,2.4991303693332156
0.23667953212590498,"{'boosting_type': 'gbdt', 'class_weight': None, 'colsample_bytree': 0.6520574456623823, 'learning_rate': 0.012097906381544205, 'min_child_samples': 160, 'num_leaves': 60, 'reg_alpha': 0.41173590563182283, 'reg_lambda': 0.9928404162416621, 'subsample_for_bin': 80000, 'subsample': 0.8157955234734523, 'metric': 'auc'}",42,118,4.418442670448258
0.24106632694311259,"{'boosting_type': 'goss', 'class_weight': None, 'colsample_bytree': 0.7797352680205418, 'learning_rate': 0.057763711615531246, 'min_child_samples': 290, 'num_leaves': 48, 'reg_alpha': 0.2680922973455825, 'reg_lambda': 0.7477306711587303, 'subsample_for_bin': 40000, 'subsample': 1.0, 'metric': 'auc'}",43,15,1.3789887651500976
0.24693534971468656,"{'boosting_type': 'gbdt', 'class_weight': 'balanced', 'colsample_bytree': 0.7145956989965992, 'learning_rate': 0.01675685493387815, 'min_child_samples': 100, 'num_leaves': 85, 'reg_alpha': 0.643427112229189, 'reg_lambda': 0.839751295956753, 'subsample_for_bin': 140000, 'subsample': 0.8973596807670751, 'metric': 'auc'}",44,28,2.800122222987227
0.23868769764674713,"{'boosting_type': 'dart', 'class_weight': None, 'colsample_bytree': 0.687923945676217, 'learning_rate': 0.03652183602319931, 'min_child_samples': 390, 'num_leaves': 133, 'reg_alpha': 0.8473968855802558, 'reg_lambda': 0.4967205738670222, 'subsample_for_bin': 220000, 'subsample': 0.6454540448515305, 'metric': 'auc'}",45,10,2.829250466889249
0.23517578695097774,"{'boosting_type': 'gbdt', 'class_weight': None, 'colsample_bytree': 0.7510839504549205, 'learning_rate': 0.020875768479522338, 'min_child_samples': 180, 'num_leaves': 74, 'reg_alpha': 0.7382790193202043, 'reg_lambda': 0.6457399411944235, 'subsample_for_bin': 120000, 'subsample': 0.7339984458591435, 'metric': 'auc'}",46,140,4.34690758308534
0.23894142081497993,"{'boosting_type': 'dart', 'class_weight': 'balanced', 'colsample_bytree': 0.6189800389531459, 'learning_rate': 0.03032240877176154, 'min_child_samples': 460, 'num_leaves': 38, 'reg_alpha': 0.3800664541159715, 'reg_lambda': 0.3974669355340731, 'subsample_for_bin': 240000, 'subsample': 0.6053836199439797, 'metric': 'auc'}",47,6,2.5508373643113202
0.23951556005046581,"{'boosting_type': 'goss', 'class_weight': None, 'colsample_bytree': 0.65983073425856, 'learning_rate': 0.013657816463472357, 'min_child_samples': 235, 'num_leaves': 53, 'reg_alpha': 0.3123051928721974, 'reg_lambda': 0.7194595074420553, 'subsample_for_bin': 60000, 'subsample': 1.0, 'metric': 'auc'}",48,72,2.3433439576384956
0.23823244053622994,"{'boosting_type': 'gbdt', 'class_weight': None, 'colsample_bytree': 0.805317012368608, 'learning_rate': 0.03983669457456757, 'min_child_samples': 345, 'num_leaves': 96, 'reg_alpha': 0.15151386503647873, 'reg_lambda': 0.9196198332458418, 'subsample_for_bin': 180000, 'subsample': 0.8459441186201808, 'metric': 'auc'}",49,96,3.209820262073805
0.24384828287791716,"{'boosting_type': 'gbdt', 'class_weight': None, 'colsample_bytree': 0.8676872124624854, 'learning_rate': 0.010637936882691648, 'min_child_samples': 130, 'num_leaves': 109, 'reg_alpha': 0.19778325428796567, 'reg_lambda': 0.535360456818994, 'subsample_for_bin': 40000, 'subsample': 0.9588152419173379, 'metric': 'auc'}",50,104,4.834245444114629
0.2386840030451658,"{'boosting_type': 'dart', 'class_weight': 'balanced', 'colsample_bytree': 0.7260666567274308, 'learning_rate': 0.05692718499298824, 'min_child_samples': 415, 'num_leaves': 122, 'reg_alpha': 0.8357937817262642, 'reg_lambda': 0.8164360304529148, 'subsample_for_bin': 200000, 'subsample': 0.7973260341338071, 'metric': 'auc'}",51,14,2.808387028625731
0.2617652693658631,"{'boosting_type': 'gbdt', 'class_weight': None, 'colsample_bytree': 0.9550013736686039, 'learning_rate': 0.016617090361973712, 'min_child_samples': 70, 'num_leaves': 69, 'reg_alpha': 0.5046263152879054, 'reg_lambda': 0.19412171254733868, 'subsample_for_bin': 160000, 'subsample': 0.5957997981805782, 'metric': 'auc'}",52,35,6.07396286867359
0.24113470861062236,"{'boosting_type': 'goss', 'class_weight': None, 'colsample_bytree': 0.6975715982123062, 'learning_rate': 0.09466133737387199, 'min_child_samples': 225, 'num_leaves': 63, 'reg_alpha': 0.5522101225144291, 'reg_lambda': 0.480121641082963, 'subsample_for_bin': 100000, 'subsample': 1.0, 'metric': 'auc'}",53,10,2.483139599777445
0.23473942167640882,"{'boosting_type': 'gbdt', 'class_weight': 'balanced', 'colsample_bytree': 0.6364318400530171, 'learning_rate': 0.019633725475586596, 'min_child_samples': 300, 'num_leaves': 86, 'reg_alpha': 0.9557512795256525, 'reg_lambda': 0.5768525770987112, 'subsample_for_bin': 20000, 'subsample': 0.9015080393542516, 'metric': 'auc'}",54,195,7.52875982156641
0.23360989487135808,"{'boosting_type': 'dart', 'class_weight': None, 'colsample_bytree': 0.6015411259450753, 'learning_rate': 0.02475908175982382, 'min_child_samples': 265, 'num_leaves': 34, 'reg_alpha': 0.4330611951813672, 'reg_lambda': 0.9610887383618534, 'subsample_for_bin': 120000, 'subsample': 0.8319872165138428, 'metric': 'auc'}",55,214,19.55216821783233
0.2379318335775844,"{'boosting_type': 'gbdt', 'class_weight': None, 'colsample_bytree': 0.7708304921851987, 'learning_rate': 0.032921490851049354, 'min_child_samples': 370, 'num_leaves': 73, 'reg_alpha': 0.36870801689504035, 'reg_lambda': 0.3965275493606069, 'subsample_for_bin': 80000, 'subsample': 0.7875391066227144, 'metric': 'auc'}",56,123,4.503115659809538
0.24078089282924908,"{'boosting_type': 'gbdt', 'class_weight': None, 'colsample_bytree': 0.6779939292187087, 'learning_rate': 0.15353629213756204, 'min_child_samples': 405, 'num_leaves': 42, 'reg_alpha': 0.9096215353014672, 'reg_lambda': 0.6670412323097994, 'subsample_for_bin': 60000, 'subsample': 0.6268527672391336, 'metric': 'auc'}",57,8,1.7947312398619601
0.24374150191175104,"{'boosting_type': 'goss', 'class_weight': None, 'colsample_bytree': 0.6162831923092349, 'learning_rate': 0.0636559706998688, 'min_child_samples': 325, 'num_leaves': 106, 'reg_alpha': 0.7770905705226379, 'reg_lambda': 0.7301412706665356, 'subsample_for_bin': 300000, 'subsample': 1.0, 'metric': 'auc'}",58,15,2.371347048708344
0.2377934257678037,"{'boosting_type': 'dart', 'class_weight': 'balanced', 'colsample_bytree': 0.7428121013198913, 'learning_rate': 0.02846787522287674, 'min_child_samples': 210, 'num_leaves': 141, 'reg_alpha': 0.06614924948326578, 'reg_lambda': 0.04988340790352197, 'subsample_for_bin': 20000, 'subsample': 0.6049842625190918, 'metric': 'auc'}",59,107,26.2910416708541
0.23954561306501276,"{'boosting_type': 'gbdt', 'class_weight': None, 'colsample_bytree': 0.8398880463126266, 'learning_rate': 0.052117913136183414, 'min_child_samples': 170, 'num_leaves': 59, 'reg_alpha': 0.2154575223611041, 'reg_lambda': 0.7858847157441816, 'subsample_for_bin': 40000, 'subsample': 0.7332864626597848, 'metric': 'auc'}",60,37,2.6262876071963888
0.23885119308802527,"{'boosting_type': 'gbdt', 'class_weight': None, 'colsample_bytree': 0.6641912999944302, 'learning_rate': 0.024567206993655694, 'min_child_samples': 145, 'num_leaves': 48, 'reg_alpha': 0.3025394576584618, 'reg_lambda': 0.8449504086541202, 'subsample_for_bin': 180000, 'subsample': 0.789624193598895, 'metric': 'auc'}",61,61,3.0252609854217667
0.23989119609999887,"{'boosting_type': 'gbdt', 'class_weight': None, 'colsample_bytree': 0.7915826439866954, 'learning_rate': 0.01129903955655715, 'min_child_samples': 435, 'num_leaves': 35, 'reg_alpha': 0.6339772442821325, 'reg_lambda': 0.9646759763224066, 'subsample_for_bin': 80000, 'subsample': 0.9559349468351924, 'metric': 'auc'}",62,34,1.9009275347691528
0.25031625554050063,"{'boosting_type': 'dart', 'class_weight': None, 'colsample_bytree': 0.9094560308427446, 'learning_rate': 0.013871571865192854, 'min_child_samples': 110, 'num_leaves': 53, 'reg_alpha': 0.6921538706943322, 'reg_lambda': 0.3105172442673082, 'subsample_for_bin': 280000, 'subsample': 0.6867150256462218, 'metric': 'auc'}",63,116,10.125068584715109
0.2656017300233322,"{'boosting_type': 'gbdt', 'class_weight': 'balanced', 'colsample_bytree': 0.8680487758124484, 'learning_rate': 0.03386016954240938, 'min_child_samples': 45, 'num_leaves': 63, 'reg_alpha': 0.8157347382073685, 'reg_lambda': 0.6256621669502469, 'subsample_for_bin': 140000, 'subsample': 0.8801199012441451, 'metric': 'auc'}",64,53,4.243946904418465
0.23946345324449325,"{'boosting_type': 'goss', 'class_weight': None, 'colsample_bytree': 0.7675335521698134, 'learning_rate': 0.03930160006684752, 'min_child_samples': 245, 'num_leaves': 41, 'reg_alpha': 0.7351604540744877, 'reg_lambda': 0.8925491748024961, 'subsample_for_bin': 100000, 'subsample': 1.0, 'metric': 'auc'}",65,25,1.531051609490305
0.2339592608150427,"{'boosting_type': 'gbdt', 'class_weight': None, 'colsample_bytree': 0.809082409994919, 'learning_rate': 0.01536788349983837, 'min_child_samples': 270, 'num_leaves': 49, 'reg_alpha': 0.5919171968740398, 'reg_lambda': 0.2839932602366025, 'subsample_for_bin': 60000, 'subsample': 0.7794308168570835, 'metric': 'auc'}",66,193,5.250868026971148
0.23161642029074403,"{'boosting_type': 'gbdt', 'class_weight': None, 'colsample_bytree': 0.8348790504109588, 'learning_rate': 0.015127283191317923, 'min_child_samples': 250, 'num_leaves': 48, 'reg_alpha': 0.5919832355579968, 'reg_lambda': 0.2540519231341276, 'subsample_for_bin': 40000, 'subsample': 0.8522541576307574, 'metric': 'auc'}",67,220,7.48941967174278
0.24009769206125187,"{'boosting_type': 'gbdt', 'class_weight': None, 'colsample_bytree': 0.836471149494639, 'learning_rate': 0.018480044704559804, 'min_child_samples': 335, 'num_leaves': 56, 'reg_alpha': 0.58166234949271, 'reg_lambda': 0.13171053204517846, 'subsample_for_bin': 40000, 'subsample': 0.8535182157910518, 'metric': 'auc'}",68,143,5.053493298049204
0.23976429681014522,"{'boosting_type': 'gbdt', 'class_weight': None, 'colsample_bytree': 0.8905906434032747, 'learning_rate': 0.02305491194788283, 'min_child_samples': 190, 'num_leaves': 44, 'reg_alpha': 0.5284765688675742, 'reg_lambda': 0.1792435128513049, 'subsample_for_bin': 20000, 'subsample': 0.8375105301600952, 'metric': 'auc'}",69,67,3.5278480671619263
0.23458417860532177,"{'boosting_type': 'gbdt', 'class_weight': None, 'colsample_bytree': 0.7869574080162433, 'learning_rate': 0.027261385659413318, 'min_child_samples': 215, 'num_leaves': 31, 'reg_alpha': 0.4815118729831722, 'reg_lambda': 0.2689117457170396, 'subsample_for_bin': 60000, 'subsample': 0.8914271606517962, 'metric': 'auc'}",70,124,4.513845880148779
0.23884506905952985,"{'boosting_type': 'gbdt', 'class_weight': None, 'colsample_bytree': 0.9309952023155889, 'learning_rate': 0.012578269180089157, 'min_child_samples': 300, 'num_leaves': 65, 'reg_alpha': 0.6331111342742745, 'reg_lambda': 0.4281816926561108, 'subsample_for_bin': 40000, 'subsample': 0.9786468256697906, 'metric': 'auc'}",71,266,6.051582548199633
0.23727408011737494,"{'boosting_type': 'gbdt', 'class_weight': None, 'colsample_bytree': 0.8550174021507502, 'learning_rate': 0.01983034114427639, 'min_child_samples': 285, 'num_leaves': 73, 'reg_alpha': 0.5697832107034523, 'reg_lambda': 0.34365500174852937, 'subsample_for_bin': 20000, 'subsample': 0.8261301812134101, 'metric': 'auc'}",72,124,3.818150755084048
0.23700223044154334,"{'boosting_type': 'gbdt', 'class_weight': None, 'colsample_bytree': 0.8734655840192815, 'learning_rate': 0.016418113061633852, 'min_child_samples': 235, 'num_leaves': 38, 'reg_alpha': 0.4425528420946906, 'reg_lambda': 0.2262244880496533, 'subsample_for_bin': 80000, 'subsample': 0.9136872846953419, 'metric': 'auc'}",73,205,5.440275168505593
0.23260483260278575,"{'boosting_type': 'gbdt', 'class_weight': None, 'colsample_bytree': 0.8279118902457927, 'learning_rate': 0.01336312498434355, 'min_child_samples': 255, 'num_leaves': 58, 'reg_alpha': 0.6667741871780131, 'reg_lambda': 0.09502257652536752, 'subsample_for_bin': 120000, 'subsample': 0.8703813459826613, 'metric': 'auc'}",74,272,6.369131810520969
0.23716435894471477,"{'boosting_type': 'gbdt', 'class_weight': None, 'colsample_bytree': 0.7333664257294819, 'learning_rate': 0.01093422664269695, 'min_child_samples': 355, 'num_leaves': 81, 'reg_alpha': 0.74900907883016, 'reg_lambda': 0.24420219068607588, 'subsample_for_bin': 20000, 'subsample': 0.7401906589374698, 'metric': 'auc'}",75,414,7.410737233834595
0.23935684973358162,"{'boosting_type': 'gbdt', 'class_weight': None, 'colsample_bytree': 0.9045832100758474, 'learning_rate': 0.014794915250169034, 'min_child_samples': 180, 'num_leaves': 46, 'reg_alpha': 0.484507563613379, 'reg_lambda': 0.055485326904147175, 'subsample_for_bin': 40000, 'subsample': 0.935751170040882, 'metric': 'auc'}",76,224,8.443453479356606
0.2320677823565408,"{'boosting_type': 'gbdt', 'class_weight': None, 'colsample_bytree': 0.8143649044037133, 'learning_rate': 0.04573254699766375, 'min_child_samples': 275, 'num_leaves': 51, 'reg_alpha': 0.2780073619074415, 'reg_lambda': 0.4533691256973612, 'subsample_for_bin': 60000, 'subsample': 0.7999527282502948, 'metric': 'auc'}",77,65,2.9977723599000683
0.23888873791019494,"{'boosting_type': 'gbdt', 'class_weight': None, 'colsample_bytree': 0.7098375233683566, 'learning_rate': 0.023695944125789774, 'min_child_samples': 315, 'num_leaves': 32, 'reg_alpha': 0.7027087931600847, 'reg_lambda': 0.693611211837931, 'subsample_for_bin': 80000, 'subsample': 0.7136255021249127, 'metric': 'auc'}",78,151,4.162123789049474
0.2439002444677414,"{'boosting_type': 'goss', 'class_weight': None, 'colsample_bytree': 0.9257439962063867, 'learning_rate': 0.02034246586966994, 'min_child_samples': 245, 'num_leaves': 87, 'reg_alpha': 0.5240803912068785, 'reg_lambda': 0.1014290215871293, 'subsample_for_bin': 100000, 'subsample': 1.0, 'metric': 'auc'}",79,44,1.9819877186853319
0.24332557090411122,"{'boosting_type': 'dart', 'class_weight': 'balanced', 'colsample_bytree': 0.957150676823907, 'learning_rate': 0.017391490587598053, 'min_child_samples': 155, 'num_leaves': 93, 'reg_alpha': 0.36424906071003416, 'reg_lambda': 0.34969061856672956, 'subsample_for_bin': 200000, 'subsample': 0.5490762111054596, 'metric': 'auc'}",80,169,13.547687278502906
0.23864077601042688,"{'boosting_type': 'gbdt', 'class_weight': None, 'colsample_bytree': 0.8816415640334622, 'learning_rate': 0.028807312667783358, 'min_child_samples': 220, 'num_leaves': 35, 'reg_alpha': 0.6151271210289964, 'reg_lambda': 0.5689098565492919, 'subsample_for_bin': 140000, 'subsample': 0.8655779102832323, 'metric': 'auc'}",81,94,4.775001507473917
0.2388111204395822,"{'boosting_type': 'gbdt', 'class_weight': None, 'colsample_bytree': 0.6857665094371549, 'learning_rate': 0.010129694715844297, 'min_child_samples': 500, 'num_leaves': 76, 'reg_alpha': 0.24878204059579845, 'reg_lambda': 0.008605625860791555, 'subsample_for_bin': 60000, 'subsample': 0.6600027245921031, 'metric': 'auc'}",82,52,3.280529980768506
